entity,year_2004,year_2005,year_2006,year_2007,year_2008,year_2009,year_2010,year_2011,year_2012,year_2013,year_2014,year_2015,year_2016,year_2017,year_2018
taxes,0.533,0.765,0.755,0.565,0.800,0.639,0.736,0.664,0.759,0.618,0.662,0.604,0.499,0.579,0.928
Jobs,0.859,0.745,0.708,0.790,0.861,0.926,0.944,1.000,0.935,0.813,0.935,0.947,0.927,0.851,0.914
Oil,0.000,0.000,0.157,0.139,0.150,0.164,0.146,0.182,0.198,0.208,0.251,0.294,0.322,0.000,0.345
Prison,0.093,0.000,0.000,0.099,0.000,0.000,0.000,0.000,0.000,0.000,0.000,0.178,0.202,0.000,0.213
energy,0.111,0.114,0.137,0.118,0.135,0.163,0.152,0.148,0.141,0.139,0.132,0.141,0.140,0.000,0.148
Health Care,0.137,0.121,0.106,0.120,0.121,0.123,0.138,0.124,0.109,0.104,0.113,0.117,0.110,0.111,0.128
immigration,0.079,0.086,0.078,0.083,0.076,0.000,0.056,0.056,0.056,0.064,0.073,0.057,0.055,0.142,0.116
Military,0.134,0.124,0.121,0.122,0.113,0.000,0.125,0.115,0.113,0.113,0.108,0.104,0.109,0.111,0.110
China,0.000,0.000,0.166,0.000,0.146,0.135,0.135,0.133,0.112,0.101,0.105,0.109,0.109,0.000,0.107
trade,0.123,0.000,0.090,0.000,0.102,0.000,0.096,0.092,0.086,0.082,0.082,0.092,0.000,0.090,0.095
MS-13,0.000,0.000,0.010,0.002,0.003,0.002,0.002,0.001,0.001,0.002,0.001,0.001,0.001,0.001,0.087
unemployment,0.000,0.054,0.000,0.055,0.000,0.160,0.150,0.000,0.156,0.099,0.170,0.097,0.081,0.058,0.084
Russia,0.000,0.000,0.000,0.000,0.000,0.000,0.062,0.000,0.050,0.051,0.000,0.070,0.067,0.000,0.082
Wages,0.000,0.041,0.040,0.055,0.044,0.045,0.042,0.042,0.047,0.151,0.000,0.074,0.065,0.059,0.068
Stock Market,0.035,0.025,0.025,0.021,0.000,0.046,0.022,0.022,0.023,0.020,0.028,0.024,0.000,0.047,0.066
North Korea,0.015,0.008,0.011,0.007,0.004,0.007,0.008,0.008,0.006,0.046,0.013,0.013,0.018,0.016,0.062
economy,0.065,0.070,0.061,0.050,0.092,0.108,0.057,0.053,0.053,0.051,0.049,0.059,0.058,0.058,0.061
Manufacturing,0.160,0.127,0.000,0.000,0.000,0.000,0.000,0.065,0.064,0.056,0.058,0.054,0.053,0.058,0.054
Veteran Affairs,0.026,0.026,0.030,0.031,0.033,0.038,0.041,0.043,0.040,0.038,0.039,0.043,0.035,0.040,0.046
Israelis,0.000,0.048,0.067,0.048,0.042,0.042,0.000,0.000,0.036,0.031,0.033,0.041,0.000,0.035,0.037
Cuba,0.000,0.033,0.032,0.000,0.026,0.000,0.026,0.025,0.026,0.024,0.025,0.060,0.035,0.000,0.034
Border,0.035,0.039,0.037,0.029,0.030,0.000,0.029,0.026,0.026,0.025,0.022,0.028,0.024,0.034,0.033
hurricane,0.019,0.028,0.000,0.000,0.026,0.000,0.024,0.023,0.019,0.027,0.020,0.017,0.020,0.000,0.031
Supreme Court,0.021,0.025,0.055,0.019,0.016,0.021,0.067,0.024,0.023,0.021,0.018,0.023,0.020,0.024,0.024
opioids,0.000,0.003,0.004,0.002,0.003,0.004,0.004,0.004,0.004,0.004,0.004,0.006,0.006,0.011,0.023
Iran,0.035,0.041,0.043,0.032,0.024,0.025,0.030,0.023,0.044,0.029,0.034,0.041,0.125,0.022,0.020
FDA,0.033,0.033,0.023,0.026,0.024,0.023,0.023,0.022,0.018,0.018,0.018,0.019,0.016,0.018,0.020
Pensions,0.023,0.025,0.022,0.023,0.019,0.020,0.020,0.021,0.019,0.016,0.020,0.018,0.017,0.018,0.020
NOAA,0.031,0.028,0.033,0.000,0.000,0.000,0.000,0.000,0.000,0.000,0.000,0.000,0.027,0.000,0.019
Norway,0.023,0.018,0.021,0.013,0.013,0.012,0.015,0.017,0.019,0.012,0.017,0.014,0.015,0.013,0.019
Venezuela,0.022,0.022,0.027,0.022,0.000,0.000,0.000,0.015,0.020,0.023,0.028,0.021,0.018,0.017,0.019
Muslims,0.020,0.020,0.038,0.025,0.029,0.020,0.021,0.022,0.021,0.022,0.019,0.037,0.035,0.035,0.019
Haiti,0.012,0.018,0.019,0.013,0.014,0.015,0.269,0.027,0.020,0.019,0.016,0.016,0.016,0.018,0.019
El Salvador,0.015,0.019,0.016,0.011,0.015,0.025,0.027,0.015,0.020,0.016,0.020,0.018,0.018,0.000,0.018
Pakistani,0.037,0.026,0.025,0.016,0.020,0.020,0.018,0.017,0.018,0.019,0.018,0.034,0.020,0.018,0.018
Affordable Care Act,0.004,0.000,0.002,0.002,0.002,0.002,0.004,0.009,0.011,0.030,0.074,0.040,0.030,0.036,0.018
September 11 attacks,0.033,0.030,0.043,0.026,0.022,0.020,0.019,0.019,0.021,0.015,0.015,0.016,0.016,0.017,0.017
HIV,0.000,0.050,0.049,0.037,0.039,0.000,0.028,0.025,0.024,0.022,0.022,0.019,0.021,0.019,0.017
Chile,0.000,0.031,0.035,0.023,0.028,0.000,0.000,0.024,0.020,0.018,0.019,0.019,0.019,0.018,0.017
Dream act,0.000,0.000,0.000,0.000,0.001,0.001,0.001,0.005,0.004,0.003,0.002,0.002,0.002,0.004,0.017
San Bernardino,0.016,0.014,0.017,0.010,0.014,0.014,0.011,0.016,0.018,0.028,0.015,0.016,0.019,0.019,0.017
Chain Migration,0.000,0.000,0.000,0.000,0.000,0.000,0.000,0.000,0.000,0.000,0.000,0.000,0.000,0.000,0.017
Drug Overdose,0.007,0.006,0.009,0.007,0.010,0.012,0.008,0.014,0.013,0.011,0.012,0.012,0.015,0.014,0.016
United Nations,0.037,0.041,0.036,0.028,0.024,0.024,0.023,0.018,0.017,0.018,0.015,0.016,0.016,0.017,0.016
Netherlands,0.031,0.031,0.026,0.023,0.021,0.024,0.024,0.016,0.016,0.016,0.014,0.016,0.015,0.016,0.016
Tax Cuts,0.007,0.007,0.011,0.005,0.012,0.013,0.007,0.004,0.003,0.001,0.001,0.002,0.001,0.002,0.016
terrorism,0.035,0.026,0.028,0.021,0.018,0.019,0.019,0.014,0.010,0.010,0.011,0.021,0.018,0.019,0.015
Federal Government,0.000,0.039,0.031,0.028,0.025,0.027,0.019,0.036,0.017,0.018,0.021,0.018,0.017,0.014,0.015
Department of Defense,0.000,0.038,0.000,0.000,0.000,0.000,0.028,0.024,0.024,0.020,0.018,0.017,0.013,0.019,0.015
Planned Parenthood,0.023,0.017,0.024,0.018,0.019,0.018,0.014,0.021,0.020,0.016,0.015,0.015,0.019,0.000,0.015
Poland,0.024,0.029,0.023,0.018,0.015,0.019,0.029,0.016,0.015,0.014,0.014,0.016,0.016,0.015,0.015
Federal reserve system,0.021,0.027,0.024,0.014,0.000,0.017,0.019,0.014,0.017,0.010,0.018,0.011,0.015,0.012,0.015
Common core,0.000,0.004,0.003,0.003,0.002,0.003,0.003,0.005,0.010,0.020,0.028,0.029,0.024,0.017,0.015
Steve Scalise,0.000,0.000,0.000,0.000,0.000,0.000,0.000,0.000,0.000,0.000,0.000,0.000,0.000,0.001,0.015
Morocco,0.014,0.012,0.013,0.011,0.014,0.014,0.020,0.010,0.011,0.007,0.010,0.010,0.010,0.011,0.015
Homeland Security Department,0.026,0.022,0.021,0.024,0.018,0.022,0.019,0.016,0.014,0.013,0.014,0.014,0.012,0.015,0.014
Treasury,0.023,0.019,0.020,0.016,0.021,0.024,0.013,0.012,0.014,0.012,0.011,0.012,0.008,0.011,0.014
Afghanistan,0.021,0.021,0.016,0.015,0.017,0.019,0.030,0.026,0.021,0.020,0.017,0.014,0.012,0.011,0.014
Charter schools,0.012,0.011,0.015,0.013,0.010,0.017,0.017,0.018,0.016,0.014,0.015,0.015,0.014,0.015,0.014
Iraq,0.099,0.155,0.089,0.115,0.073,0.048,0.035,0.031,0.029,0.018,0.018,0.023,0.018,0.016,0.014
Nuclear power,0.028,0.022,0.020,0.017,0.018,0.019,0.020,0.014,0.013,0.016,0.012,0.015,0.012,0.013,0.013
Tax Reform,0.004,0.003,0.002,0.000,0.001,0.000,0.000,0.000,0.000,0.001,0.000,0.001,0.000,0.001,0.013
Panama,0.029,0.025,0.019,0.020,0.021,0.020,0.026,0.019,0.016,0.016,0.017,0.017,0.014,0.015,0.013
Belgium,0.028,0.021,0.017,0.014,0.016,0.014,0.016,0.013,0.013,0.015,0.012,0.014,0.012,0.013,0.013
Capital punishment,0.028,0.000,0.031,0.022,0.016,0.021,0.017,0.017,0.015,0.016,0.017,0.017,0.013,0.014,0.013
Middle East,0.030,0.025,0.024,0.021,0.017,0.015,0.012,0.015,0.014,0.012,0.012,0.014,0.016,0.013,0.012
Staub Manufacturing Solutions,0.000,0.000,0.000,0.000,0.000,0.000,0.000,0.000,0.000,0.000,0.000,0.000,0.000,0.000,0.012
Social Security,0.007,0.017,0.004,0.005,0.010,0.009,0.012,0.009,0.008,0.007,0.011,0.009,0.010,0.009,0.012
Syria,0.007,0.010,0.008,0.007,0.005,0.004,0.008,0.005,0.010,0.012,0.014,0.011,0.022,0.019,0.012
Ukraine,0.019,0.015,0.011,0.011,0.013,0.009,0.012,0.009,0.009,0.010,0.034,0.025,0.014,0.013,0.012
Teddy Roosevelt,0.020,0.012,0.011,0.010,0.010,0.014,0.008,0.009,0.009,0.011,0.008,0.009,0.010,0.011,0.012
Indonesia,0.024,0.019,0.016,0.013,0.016,0.011,0.014,0.013,0.012,0.012,0.016,0.036,0.014,0.014,0.011
Jerusalem,0.015,0.012,0.009,0.008,0.009,0.010,0.007,0.008,0.008,0.008,0.008,0.009,0.007,0.007,0.011
Federal Housing Administration,0.008,0.008,0.007,0.005,0.017,0.026,0.017,0.014,0.016,0.013,0.010,0.014,0.010,0.011,0.011
ISIS,0.013,0.005,0.005,0.005,0.005,0.003,0.003,0.004,0.004,0.003,0.005,0.000,0.000,0.017,0.011
Mattis,0.000,0.005,0.000,0.000,0.001,0.000,0.000,0.001,0.001,0.000,0.001,0.000,0.000,0.005,0.011
Coast Guard,0.017,0.016,0.014,0.021,0.018,0.015,0.012,0.011,0.010,0.009,0.009,0.010,0.009,0.008,0.011
Warren Buffett,0.007,0.006,0.004,0.004,0.005,0.006,0.005,0.007,0.029,0.005,0.007,0.004,0.007,0.011,0.011
ICE,0.000,0.004,0.003,0.006,0.004,0.005,0.004,0.006,0.005,0.004,0.005,0.003,0.005,0.012,0.011
Government,0.000,0.027,0.018,0.018,0.016,0.015,0.015,0.010,0.011,0.009,0.010,0.011,0.011,0.009,0.011
Saudi Arabia,0.013,0.014,0.015,0.012,0.011,0.014,0.032,0.012,0.011,0.011,0.012,0.019,0.016,0.014,0.010
Climate change,0.005,0.003,0.003,0.006,0.007,0.007,0.008,0.004,0.005,0.008,0.010,0.009,0.009,0.014,0.010
Denmark,0.015,0.017,0.025,0.008,0.012,0.010,0.012,0.011,0.013,0.007,0.010,0.010,0.010,0.010,0.010
Arab,0.014,0.015,0.018,0.014,0.016,0.016,0.031,0.015,0.014,0.014,0.017,0.023,0.016,0.013,0.010
Edison,0.006,0.005,0.007,0.007,0.007,0.009,0.009,0.010,0.010,0.009,0.008,0.008,0.008,0.010,0.010
Thrift Savings Plan,0.015,0.022,0.015,0.014,0.013,0.008,0.008,0.011,0.009,0.010,0.009,0.010,0.007,0.009,0.009
Cape Town,0.005,0.003,0.003,0.004,0.004,0.005,0.007,0.003,0.003,0.003,0.003,0.004,0.003,0.005,0.009
Youngstown,0.014,0.008,0.007,0.011,0.008,0.007,0.007,0.009,0.009,0.011,0.010,0.010,0.010,0.009,0.009
Capitol,0.007,0.008,0.009,0.004,0.004,0.006,0.004,0.007,0.005,0.004,0.005,0.006,0.006,0.005,0.009
C-SPAN,0.011,0.016,0.031,0.021,0.011,0.016,0.018,0.016,0.011,0.010,0.010,0.007,0.006,0.007,0.009
Global warming,0.016,0.017,0.020,0.050,0.041,0.026,0.022,0.014,0.009,0.011,0.015,0.011,0.009,0.013,0.009
Little League,0.009,0.012,0.012,0.014,0.012,0.015,0.012,0.014,0.012,0.011,0.010,0.009,0.007,0.010,0.008
Torture,0.016,0.016,0.013,0.008,0.009,0.011,0.012,0.010,0.010,0.009,0.010,0.012,0.008,0.010,0.008
Bali,0.009,0.007,0.007,0.008,0.008,0.007,0.005,0.006,0.007,0.005,0.006,0.008,0.007,0.009,0.008
Genetically modified organism,0.004,0.005,0.004,0.003,0.003,0.003,0.003,0.004,0.006,0.009,0.012,0.011,0.010,0.012,0.008
Beijing,0.014,0.016,0.012,0.011,0.021,0.015,0.012,0.009,0.010,0.008,0.008,0.009,0.008,0.008,0.008
Edward Kennedy,0.020,0.006,0.007,0.004,0.000,0.004,0.003,0.001,0.001,0.001,0.001,0.001,0.001,0.001,0.008
Aid,0.011,0.008,0.008,0.008,0.009,0.008,0.009,0.008,0.008,0.006,0.006,0.007,0.006,0.008,0.008
First Lady,0.005,0.004,0.002,0.002,0.002,0.003,0.001,0.002,0.003,0.004,0.003,0.003,0.008,0.006,0.008
Confederate states,0.018,0.010,0.008,0.010,0.006,0.009,0.007,0.006,0.006,0.006,0.007,0.007,0.010,0.014,0.008
John McCain,0.005,0.003,0.008,0.022,0.000,0.013,0.012,0.007,0.007,0.004,0.005,0.004,0.005,0.006,0.008
Net neutrality,0.000,0.000,0.000,0.001,0.001,0.001,0.001,0.002,0.000,0.000,0.003,0.004,0.000,0.002,0.008
Fannie Mae,0.012,0.011,0.006,0.008,0.010,0.012,0.009,0.013,0.011,0.010,0.007,0.007,0.006,0.009,0.008
National Anthem,0.009,0.005,0.006,0.005,0.006,0.004,0.004,0.004,0.008,0.004,0.006,0.004,0.006,0.004,0.008
Tariff,0.007,0.007,0.010,0.005,0.005,0.006,0.007,0.005,0.005,0.005,0.006,0.007,0.006,0.009,0.008
European Union,0.021,0.015,0.013,0.012,0.011,0.011,0.011,0.008,0.010,0.007,0.007,0.010,0.006,0.007,0.008
First amendment,0.005,0.012,0.008,0.005,0.008,0.006,0.010,0.006,0.007,0.005,0.005,0.005,0.006,0.006,0.007
Law Enforcement,0.012,0.010,0.011,0.007,0.009,0.010,0.008,0.008,0.008,0.008,0.007,0.006,0.007,0.008,0.007
Lebanon,0.011,0.011,0.008,0.017,0.011,0.012,0.011,0.015,0.008,0.006,0.007,0.010,0.008,0.007,0.007
Truman,0.009,0.017,0.010,0.009,0.012,0.009,0.006,0.005,0.006,0.006,0.005,0.006,0.005,0.009,0.007
Putin,0.000,0.004,0.007,0.001,0.002,0.002,0.001,0.003,0.002,0.002,0.005,0.007,0.008,0.010,0.007
Department of State,0.024,0.024,0.025,0.023,0.019,0.024,0.016,0.017,0.013,0.010,0.011,0.010,0.007,0.011,0.007
Department of Justice,0.014,0.017,0.013,0.013,0.009,0.011,0.009,0.007,0.007,0.008,0.006,0.005,0.005,0.007,0.007
Burma,0.010,0.006,0.007,0.007,0.007,0.005,0.005,0.006,0.010,0.009,0.011,0.009,0.009,0.007,0.007
Steve Jobs,0.004,0.006,0.004,0.003,0.006,0.007,0.034,0.009,0.031,0.009,0.009,0.009,0.013,0.006,0.007
Wall Street,0.012,0.010,0.008,0.008,0.010,0.010,0.008,0.007,0.007,0.006,0.009,0.008,0.007,0.007,0.007
Second Amendment,0.000,0.000,0.005,0.003,0.003,0.003,0.002,0.003,0.003,0.011,0.004,0.003,0.009,0.003,0.007
Capital gains tax,0.009,0.005,0.008,0.005,0.003,0.003,0.007,0.002,0.010,0.003,0.004,0.008,0.004,0.005,0.007
Elkhart,0.008,0.004,0.005,0.006,0.005,0.005,0.006,0.005,0.006,0.005,0.006,0.006,0.007,0.009,0.006
Romania,0.015,0.016,0.015,0.013,0.013,0.008,0.019,0.008,0.007,0.008,0.008,0.008,0.006,0.007,0.006
Legality of cannabis,0.006,0.004,0.004,0.003,0.004,0.015,0.005,0.005,0.004,0.006,0.011,0.006,0.005,0.006,0.006
Siemens,0.000,0.020,0.014,0.016,0.015,0.010,0.013,0.010,0.014,0.010,0.008,0.008,0.006,0.007,0.006
National Institutes of Health,0.014,0.020,0.015,0.012,0.012,0.017,0.012,0.010,0.009,0.008,0.008,0.008,0.006,0.008,0.006
Georgetown University,0.014,0.017,0.009,0.014,0.010,0.010,0.010,0.010,0.009,0.006,0.008,0.008,0.008,0.007,0.006
Public transportation,0.015,0.017,0.016,0.012,0.014,0.012,0.013,0.010,0.010,0.009,0.010,0.009,0.008,0.008,0.006
American Armed Forces,0.010,0.008,0.010,0.009,0.008,0.006,0.007,0.006,0.007,0.006,0.005,0.006,0.007,0.007,0.006
Seoul,0.004,0.004,0.005,0.005,0.003,0.005,0.005,0.004,0.005,0.005,0.004,0.005,0.004,0.006,0.006
Dwight D. Eisenhower,0.008,0.005,0.008,0.006,0.005,0.007,0.005,0.006,0.005,0.006,0.006,0.006,0.005,0.009,0.006
NATO,0.008,0.009,0.005,0.003,0.005,0.005,0.004,0.005,0.004,0.005,0.005,0.006,0.005,0.014,0.006
Thomas Edison,0.013,0.013,0.010,0.009,0.007,0.007,0.007,0.006,0.006,0.006,0.005,0.007,0.007,0.006,0.006
Ji Seong-ho,0.000,0.000,0.000,0.000,0.000,0.000,0.000,0.000,0.000,0.000,0.000,0.000,0.000,0.000,0.006
Rubio,0.000,0.000,0.000,0.000,0.000,0.000,0.001,0.001,0.004,0.000,0.004,0.005,0.017,0.004,0.006
FCC,0.020,0.017,0.013,0.009,0.010,0.009,0.008,0.008,0.007,0.007,0.006,0.006,0.006,0.005,0.006
Women's health,0.000,0.005,0.004,0.002,0.003,0.002,0.001,0.002,0.003,0.002,0.003,0.002,0.007,0.007,0.006
Sick leave,0.000,0.000,0.000,0.002,0.002,0.002,0.002,0.003,0.002,0.003,0.003,0.006,0.004,0.004,0.006
Lockheed,0.018,0.016,0.015,0.013,0.013,0.012,0.011,0.009,0.008,0.006,0.006,0.007,0.005,0.007,0.006
Middle Class,0.000,0.004,0.002,0.002,0.004,0.003,0.005,0.002,0.006,0.006,0.004,0.019,0.004,0.006,0.005
Yemen,0.005,0.004,0.004,0.003,0.002,0.003,0.007,0.004,0.005,0.004,0.004,0.028,0.006,0.000,0.005
Mad Men,0.000,0.000,0.000,0.000,0.002,0.005,0.009,0.010,0.015,0.009,0.011,0.008,0.007,0.005,0.005
National Debt of the United States,0.009,0.008,0.008,0.005,0.005,0.007,0.011,0.013,0.015,0.007,0.007,0.010,0.011,0.008,0.005
Parental Leave,0.000,0.004,0.000,0.002,0.003,0.002,0.004,0.002,0.003,0.003,0.004,0.005,0.005,0.005,0.005
Hispanic American,0.009,0.008,0.008,0.004,0.006,0.006,0.004,0.004,0.003,0.005,0.004,0.003,0.003,0.005,0.005
Hungary,0.012,0.015,0.009,0.008,0.007,0.006,0.011,0.007,0.005,0.004,0.005,0.006,0.005,0.005,0.005
Pentagon,0.007,0.007,0.006,0.005,0.004,0.004,0.003,0.004,0.005,0.004,0.003,0.004,0.005,0.004,0.005
California Wild Fires,0.013,0.006,0.008,0.010,0.017,0.006,0.005,0.005,0.003,0.005,0.004,0.003,0.004,0.004,0.005
Overtime pay,0.013,0.005,0.003,0.003,0.003,0.003,0.003,0.003,0.004,0.003,0.003,0.003,0.005,0.004,0.005
Articles of Confederation,0.009,0.003,0.003,0.003,0.003,0.002,0.003,0.005,0.005,0.004,0.004,0.005,0.005,0.003,0.005
Biden,0.000,0.000,0.002,0.005,0.003,0.017,0.014,0.017,0.016,0.000,0.032,0.029,0.000,0.013,0.005
Corporate tax,0.005,0.005,0.006,0.004,0.003,0.003,0.004,0.004,0.004,0.003,0.003,0.003,0.003,0.004,0.005
Congo,0.009,0.008,0.006,0.008,0.006,0.005,0.005,0.005,0.006,0.005,0.005,0.007,0.005,0.006,0.005
Blacksburg,0.005,0.004,0.005,0.007,0.007,0.006,0.005,0.007,0.006,0.006,0.004,0.004,0.005,0.007,0.005
Sudan,0.008,0.014,0.013,0.008,0.008,0.009,0.006,0.009,0.004,0.005,0.005,0.008,0.004,0.005,0.005
World Trade Center,0.015,0.012,0.016,0.010,0.009,0.008,0.008,0.007,0.006,0.006,0.006,0.006,0.007,0.004,0.005
Automotive Industry,0.013,0.004,0.008,0.006,0.006,0.008,0.005,0.004,0.007,0.004,0.004,0.004,0.003,0.004,0.004
Libya,0.009,0.004,0.006,0.003,0.003,0.006,0.016,0.003,0.009,0.004,0.004,0.003,0.003,0.003,0.004
Social programs in the United States,0.005,0.003,0.004,0.003,0.002,0.005,0.004,0.010,0.006,0.005,0.005,0.004,0.004,0.005,0.004
West Point,0.007,0.008,0.010,0.008,0.006,0.005,0.007,0.006,0.006,0.004,0.004,0.004,0.004,0.005,0.004
NAFTA,0.005,0.005,0.003,0.004,0.005,0.004,0.003,0.002,0.003,0.003,0.002,0.002,0.002,0.005,0.004
National Security Agency,0.005,0.008,0.016,0.007,0.006,0.006,0.004,0.009,0.005,0.004,0.015,0.006,0.005,0.004,0.004
Ebola,0.000,0.004,0.004,0.002,0.002,0.002,0.001,0.002,0.002,0.001,0.001,0.031,0.005,0.004,0.004
Voice of America,0.004,0.003,0.004,0.004,0.002,0.003,0.004,0.004,0.005,0.005,0.005,0.005,0.005,0.005,0.004
ROTC,0.006,0.003,0.007,0.004,0.005,0.007,0.006,0.010,0.005,0.005,0.005,0.004,0.004,0.004,0.004
Pflugerville,0.000,0.003,0.003,0.003,0.003,0.003,0.002,0.003,0.003,0.004,0.004,0.003,0.003,0.003,0.004
Bulgaria,0.009,0.008,0.007,0.007,0.007,0.005,0.005,0.004,0.005,0.004,0.004,0.004,0.004,0.004,0.004
Diversity Immigrant Visa,0.005,0.000,0.000,0.001,0.001,0.001,0.001,0.001,0.001,0.000,0.001,0.001,0.001,0.001,0.004
Same-sex marriage,0.020,0.016,0.011,0.009,0.007,0.009,0.011,0.008,0.016,0.014,0.018,0.014,0.008,0.006,0.004
Electoral college,0.022,0.004,0.002,0.004,0.009,0.003,0.002,0.003,0.004,0.004,0.003,0.003,0.005,0.006,0.004
Lobbying,0.009,0.006,0.008,0.008,0.007,0.005,0.009,0.006,0.007,0.004,0.004,0.005,0.007,0.009,0.004
American Dream,0.005,0.007,0.003,0.004,0.003,0.005,0.004,0.004,0.004,0.003,0.004,0.004,0.003,0.004,0.004
Atlantic Ocean,0.005,0.006,0.003,0.003,0.002,0.003,0.004,0.003,0.003,0.003,0.003,0.003,0.003,0.002,0.004
Somalia,0.008,0.006,0.005,0.008,0.005,0.006,0.005,0.007,0.026,0.004,0.008,0.005,0.003,0.005,0.004
Gulf Coast,0.008,0.005,0.007,0.004,0.006,0.004,0.003,0.004,0.005,0.004,0.006,0.005,0.004,0.004,0.004
New London,0.000,0.005,0.005,0.005,0.004,0.005,0.004,0.004,0.004,0.003,0.003,0.004,0.004,0.003,0.003
Neil Gorsuch,0.000,0.000,0.000,0.000,0.000,0.000,0.000,0.000,0.000,0.000,0.000,0.000,0.000,0.007,0.003
West Africa,0.009,0.006,0.005,0.004,0.003,0.002,0.003,0.002,0.002,0.002,0.002,0.003,0.003,0.003,0.003
COBRA,0.007,0.009,0.007,0.006,0.008,0.019,0.011,0.006,0.005,0.003,0.003,0.003,0.003,0.004,0.003
Zimbabwe,0.009,0.011,0.009,0.006,0.005,0.006,0.006,0.003,0.004,0.004,0.005,0.006,0.004,0.004,0.003
Euthanasia,0.010,0.010,0.006,0.005,0.005,0.005,0.004,0.003,0.005,0.004,0.004,0.004,0.003,0.003,0.003
Palestinian Territories,0.012,0.003,0.012,0.003,0.004,0.006,0.005,0.004,0.003,0.004,0.002,0.004,0.002,0.004,0.003
Hydraulic fracturing,0.000,0.000,0.000,0.001,0.000,0.001,0.001,0.002,0.009,0.009,0.009,0.008,0.004,0.005,0.003
Elyria,0.005,0.004,0.002,0.003,0.003,0.002,0.002,0.003,0.003,0.004,0.004,0.005,0.004,0.004,0.003
Golden Gate Bridge,0.004,0.005,0.003,0.004,0.004,0.002,0.004,0.003,0.004,0.003,0.003,0.004,0.003,0.003,0.003
Cairo,0.005,0.007,0.006,0.003,0.005,0.006,0.004,0.008,0.004,0.002,0.002,0.003,0.002,0.002,0.003
Mali,0.009,0.008,0.004,0.005,0.003,0.004,0.005,0.002,0.003,0.007,0.003,0.004,0.003,0.004,0.003
gun control,0.008,0.007,0.004,0.004,0.005,0.007,0.003,0.006,0.003,0.033,0.007,0.003,0.013,0.004,0.003
Flags of the confederate states,0.004,0.003,0.003,0.003,0.002,0.004,0.002,0.002,0.002,0.003,0.003,0.002,0.006,0.009,0.003
North Africa,0.000,0.004,0.003,0.002,0.003,0.003,0.002,0.002,0.002,0.002,0.002,0.003,0.002,0.003,0.003
Gerrymandering,0.000,0.000,0.000,0.000,0.001,0.001,0.001,0.001,0.001,0.001,0.001,0.001,0.004,0.004,0.003
Court of Appeals,0.000,0.008,0.005,0.005,0.005,0.002,0.004,0.004,0.004,0.003,0.003,0.004,0.003,0.003,0.003
coal mining (industry),0.000,0.005,0.007,0.003,0.002,0.002,0.002,0.003,0.004,0.002,0.002,0.002,0.002,0.004,0.003
Hoover Dam,0.005,0.000,0.004,0.003,0.003,0.002,0.004,0.004,0.004,0.002,0.003,0.003,0.003,0.003,0.003
Usama bin Laden,0.010,0.009,0.015,0.009,0.008,0.005,0.007,0.003,0.012,0.017,0.005,0.006,0.008,0.004,0.003
Border Patrol Agents,0.005,0.000,0.005,0.005,0.003,0.007,0.004,0.003,0.003,0.002,0.002,0.002,0.002,0.004,0.003
Arabian Peninsula,0.010,0.006,0.005,0.004,0.004,0.004,0.005,0.003,0.003,0.002,0.003,0.004,0.003,0.004,0.003
Immigration to the United States,0.005,0.005,0.007,0.002,0.004,0.003,0.002,0.002,0.002,0.002,0.002,0.002,0.002,0.003,0.003
Pope Francis,0.000,0.000,0.000,0.000,0.000,0.001,0.000,0.000,0.000,0.006,0.009,0.012,0.004,0.007,0.003
Romney,0.000,0.000,0.002,0.007,0.000,0.001,0.004,0.003,0.000,0.009,0.009,0.011,0.004,0.002,0.003
Taliban,0.010,0.003,0.003,0.001,0.002,0.004,0.003,0.001,0.003,0.002,0.002,0.003,0.002,0.002,0.003
Interstate Highway System,0.005,0.004,0.003,0.004,0.004,0.003,0.003,0.003,0.002,0.002,0.009,0.003,0.003,0.003,0.003
Affirmative action,0.010,0.008,0.008,0.005,0.004,0.004,0.004,0.003,0.003,0.003,0.002,0.002,0.002,0.003,0.003
Selma,0.000,0.000,0.000,0.002,0.002,0.002,0.001,0.002,0.002,0.001,0.002,0.006,0.002,0.003,0.003
Federal Convention,0.004,0.003,0.004,0.002,0.002,0.002,0.002,0.002,0.003,0.002,0.002,0.003,0.003,0.002,0.003
Tunisia,0.007,0.004,0.005,0.002,0.003,0.003,0.005,0.024,0.003,0.003,0.003,0.004,0.003,0.003,0.003
Anti-abortion movements,0.007,0.006,0.004,0.004,0.003,0.003,0.005,0.003,0.004,0.002,0.002,0.003,0.002,0.002,0.003
Tehran,0.004,0.000,0.003,0.001,0.002,0.002,0.002,0.003,0.003,0.004,0.005,0.006,0.004,0.001,0.002
Southeast Asia,0.005,0.006,0.004,0.003,0.002,0.002,0.002,0.001,0.002,0.002,0.002,0.004,0.003,0.003,0.002
North Miami,0.000,0.003,0.002,0.003,0.002,0.001,0.002,0.002,0.002,0.002,0.003,0.002,0.003,0.002,0.002
Iraq War,0.023,0.024,0.025,0.026,0.018,0.010,0.007,0.005,0.006,0.004,0.003,0.003,0.002,0.002,0.002
Justin Peck,0.000,0.000,0.000,0.000,0.000,0.000,0.000,0.000,0.000,0.000,0.000,0.000,0.000,0.000,0.002
P.S.,0.000,0.004,0.002,0.003,0.002,0.002,0.001,0.003,0.002,0.002,0.002,0.002,0.002,0.002,0.002
Yorktown,0.000,0.006,0.002,0.002,0.002,0.001,0.001,0.002,0.002,0.002,0.001,0.002,0.002,0.002,0.002
Galesburg,0.000,0.000,0.003,0.002,0.001,0.002,0.003,0.002,0.003,0.002,0.002,0.002,0.003,0.002,0.002
Military service,0.006,0.003,0.003,0.002,0.003,0.003,0.004,0.003,0.002,0.003,0.003,0.004,0.003,0.003,0.002
South Asia,0.004,0.004,0.004,0.002,0.003,0.002,0.002,0.002,0.002,0.002,0.002,0.003,0.002,0.003,0.002
Oak Creek,0.000,0.000,0.003,0.001,0.001,0.002,0.003,0.002,0.003,0.003,0.002,0.002,0.003,0.003,0.002
Freddie Mac,0.007,0.006,0.003,0.003,0.006,0.008,0.004,0.005,0.007,0.004,0.003,0.003,0.002,0.002,0.002
Hamas,0.000,0.003,0.012,0.001,0.003,0.002,0.001,0.001,0.001,0.000,0.001,0.001,0.001,0.001,0.002
Keystone,0.007,0.003,0.005,0.004,0.004,0.003,0.003,0.002,0.003,0.003,0.002,0.002,0.003,0.002,0.002
Damascus,0.005,0.003,0.002,0.002,0.003,0.002,0.002,0.003,0.003,0.003,0.002,0.002,0.002,0.003,0.002
Alexander Graham Bell,0.008,0.004,0.005,0.002,0.003,0.002,0.002,0.002,0.002,0.002,0.002,0.002,0.001,0.002,0.002
Shi'a,0.004,0.007,0.004,0.007,0.003,0.002,0.003,0.004,0.002,0.003,0.001,0.005,0.004,0.002,0.002
National security,0.007,0.003,0.003,0.003,0.003,0.002,0.004,0.002,0.001,0.001,0.001,0.002,0.002,0.003,0.002
F-35,0.000,0.000,0.000,0.001,0.002,0.002,0.002,0.002,0.003,0.002,0.002,0.003,0.002,0.005,0.002
Newtown,0.000,0.004,0.002,0.003,0.003,0.002,0.002,0.003,0.002,0.003,0.003,0.002,0.003,0.002,0.002
Welfare,0.000,0.000,0.002,0.003,0.002,0.003,0.004,0.002,0.002,0.002,0.001,0.002,0.002,0.002,0.002
Whistleblower,0.000,0.004,0.003,0.002,0.001,0.003,0.001,0.001,0.002,0.002,0.002,0.002,0.002,0.002,0.002
California Institute of Technology,0.009,0.006,0.005,0.005,0.003,0.006,0.006,0.005,0.003,0.003,0.002,0.003,0.004,0.003,0.002
Belarus,0.000,0.003,0.002,0.004,0.002,0.002,0.003,0.002,0.002,0.002,0.002,0.003,0.002,0.002,0.002
Normandy,0.005,0.004,0.003,0.003,0.002,0.002,0.004,0.001,0.002,0.002,0.002,0.002,0.001,0.002,0.002
Central Piedmont Community College,0.000,0.004,0.002,0.003,0.002,0.002,0.002,0.003,0.004,0.002,0.004,0.003,0.003,0.002,0.002
Great Plains,0.005,0.007,0.003,0.003,0.003,0.001,0.002,0.003,0.002,0.002,0.002,0.002,0.003,0.002,0.002
Bronze Star,0.000,0.000,0.000,0.000,0.000,0.000,0.001,0.000,0.001,0.001,0.000,0.001,0.000,0.000,0.002
Executive Order 13769,0.000,0.000,0.000,0.000,0.000,0.000,0.000,0.000,0.000,0.000,0.000,0.000,0.000,0.008,0.002
Campaign finance,0.005,0.003,0.004,0.002,0.003,0.002,0.009,0.002,0.002,0.001,0.002,0.001,0.002,0.001,0.002
Government spending,0.005,0.000,0.002,0.002,0.003,0.006,0.005,0.008,0.003,0.003,0.002,0.001,0.003,0.003,0.002
Federal Tax Code,0.006,0.005,0.005,0.003,0.002,0.003,0.004,0.002,0.002,0.002,0.002,0.002,0.002,0.002,0.002
Military budget,0.000,0.000,0.000,0.000,0.001,0.002,0.001,0.002,0.001,0.002,0.001,0.001,0.002,0.006,0.002
Chelsea Manning,0.000,0.000,0.000,0.000,0.001,0.000,0.001,0.002,0.001,0.001,0.002,0.001,0.000,0.001,0.002
Baby Einstein Company,0.000,0.003,0.003,0.021,0.002,0.003,0.002,0.002,0.002,0.002,0.003,0.003,0.003,0.002,0.002
Freedom of religion,0.000,0.000,0.002,0.001,0.001,0.001,0.001,0.001,0.001,0.001,0.002,0.001,0.001,0.001,0.002
Master Lock,0.004,0.003,0.003,0.002,0.001,0.002,0.002,0.002,0.008,0.002,0.002,0.002,0.002,0.002,0.002
Guinea,0.000,0.003,0.002,0.002,0.003,0.002,0.002,0.002,0.002,0.001,0.001,0.004,0.002,0.002,0.002
Saddam Hussein,0.019,0.011,0.010,0.020,0.007,0.004,0.004,0.004,0.003,0.002,0.002,0.003,0.002,0.002,0.002
Justin Trudeau,0.000,0.000,0.002,0.000,0.000,0.001,0.001,0.001,0.001,0.000,0.001,0.001,0.002,0.000,0.002
Elementary and Secondary Education Act,0.000,0.004,0.002,0.002,0.002,0.002,0.002,0.002,0.001,0.001,0.001,0.002,0.002,0.002,0.002
Army Ranger,0.000,0.003,0.003,0.002,0.002,0.002,0.003,0.003,0.002,0.002,0.006,0.003,0.002,0.002,0.002
Trans-Pacific Partnership,0.000,0.003,0.000,0.001,0.000,0.002,0.001,0.001,0.000,0.001,0.004,0.002,0.009,0.003,0.002
Veterans Day,0.000,0.000,0.000,0.000,0.001,0.001,0.001,0.005,0.004,0.002,0.002,0.003,0.002,0.001,0.002
Bahrain,0.007,0.003,0.006,0.004,0.004,0.003,0.006,0.004,0.003,0.003,0.003,0.004,0.005,0.002,0.002
Laura Bush,0.009,0.008,0.005,0.005,0.003,0.001,0.001,0.003,0.001,0.000,0.001,0.001,0.001,0.001,0.002
Kurds,0.004,0.004,0.002,0.002,0.001,0.002,0.002,0.002,0.001,0.001,0.001,0.002,0.002,0.002,0.002
Humvee,0.000,0.000,0.002,0.002,0.001,0.001,0.002,0.001,0.001,0.001,0.001,0.001,0.001,0.002,0.002
Commerce Department,0.007,0.006,0.002,0.006,0.003,0.006,0.003,0.003,0.002,0.002,0.002,0.002,0.001,0.003,0.002
Estate tax in the United States,0.009,0.005,0.004,0.003,0.003,0.002,0.003,0.003,0.002,0.002,0.002,0.003,0.002,0.001,0.002
Star of David,0.000,0.004,0.002,0.002,0.002,0.002,0.002,0.003,0.002,0.001,0.005,0.002,0.002,0.002,0.002
Jakarta,0.007,0.008,0.004,0.002,0.004,0.002,0.003,0.002,0.001,0.002,0.002,0.005,0.003,0.002,0.002
Marine,0.000,0.000,0.002,0.001,0.002,0.002,0.002,0.001,0.002,0.000,0.001,0.001,0.001,0.001,0.001
Palestinian,0.004,0.004,0.004,0.004,0.004,0.002,0.001,0.002,0.002,0.001,0.001,0.001,0.001,0.001,0.001
Edward Snowden,0.000,0.000,0.000,0.000,0.000,0.000,0.000,0.000,0.000,0.000,0.011,0.003,0.002,0.004,0.001
Doha,0.000,0.000,0.002,0.002,0.001,0.002,0.003,0.002,0.002,0.002,0.001,0.002,0.002,0.002,0.001
Department of Energy,0.007,0.013,0.009,0.003,0.005,0.007,0.005,0.005,0.003,0.003,0.002,0.003,0.002,0.002,0.001
trade deficit,0.000,0.003,0.000,0.001,0.001,0.001,0.001,0.001,0.001,0.001,0.001,0.001,0.001,0.002,0.001
Immigration Policy,0.000,0.000,0.000,0.000,0.000,0.000,0.000,0.001,0.001,0.001,0.001,0.000,0.000,0.001,0.001
Applause,0.000,0.000,0.000,0.002,0.001,0.001,0.002,0.001,0.001,0.001,0.001,0.001,0.001,0.001,0.001
PATRIOT Act,0.056,0.008,0.029,0.005,0.007,0.002,0.002,0.003,0.002,0.002,0.002,0.002,0.001,0.001,0.001
Free trade,0.004,0.004,0.002,0.002,0.002,0.002,0.002,0.003,0.001,0.002,0.001,0.001,0.001,0.002,0.001
Space exploration,0.007,0.004,0.003,0.003,0.002,0.002,0.001,0.002,0.001,0.002,0.001,0.001,0.002,0.002,0.001
Cheney,0.007,0.005,0.004,0.010,0.007,0.003,0.001,0.002,0.002,0.003,0.002,0.002,0.001,0.001,0.001
Sunni,0.000,0.007,0.003,0.007,0.001,0.002,0.001,0.003,0.002,0.002,0.001,0.003,0.003,0.002,0.001
Sikh,0.004,0.003,0.000,0.002,0.003,0.002,0.001,0.001,0.004,0.002,0.002,0.001,0.003,0.002,0.001
Syrian civil war,0.000,0.000,0.000,0.000,0.000,0.000,0.000,0.000,0.001,0.001,0.002,0.001,0.002,0.002,0.001
Baghdad,0.009,0.006,0.004,0.007,0.003,0.002,0.003,0.003,0.002,0.002,0.001,0.001,0.002,0.002,0.001
Body worn video,0.000,0.000,0.000,0.000,0.000,0.000,0.000,0.000,0.000,0.000,0.000,0.001,0.001,0.001,0.001
No Child Left Behind Act,0.024,0.011,0.007,0.011,0.012,0.005,0.005,0.007,0.003,0.002,0.001,0.001,0.001,0.001,0.001
No Child Left Behind Act,0.024,0.011,0.007,0.011,0.012,0.005,0.005,0.007,0.003,0.002,0.001,0.001,0.001,0.001,0.001
World Trade Organization,0.005,0.006,0.004,0.003,0.003,0.003,0.002,0.003,0.001,0.002,0.001,0.001,0.001,0.001,0.001
John Boehner,0.000,0.000,0.002,0.001,0.000,0.002,0.008,0.000,0.031,0.000,0.000,0.000,0.008,0.002,0.001
Riyadh,0.000,0.003,0.000,0.002,0.001,0.001,0.006,0.002,0.002,0.001,0.002,0.001,0.001,0.001,0.001
Eminent domain,0.000,0.004,0.005,0.001,0.001,0.001,0.001,0.001,0.001,0.001,0.001,0.002,0.001,0.001,0.001
First Lady,0.000,0.000,0.000,0.000,0.001,0.001,0.001,0.001,0.001,0.001,0.000,0.001,0.001,0.001,0.001
gun violence,0.000,0.000,0.000,0.000,0.000,0.001,0.000,0.001,0.000,0.005,0.001,0.001,0.003,0.002,0.001
Paris Agreement,0.000,0.000,0.000,0.000,0.000,0.000,0.000,0.000,0.000,0.000,0.000,0.000,0.000,0.000,0.001
Voting Rights Act,0.004,0.000,0.000,0.001,0.002,0.001,0.001,0.001,0.001,0.001,0.002,0.001,0.001,0.001,0.001
War in Afghanistan,0.000,0.000,0.000,0.000,0.000,0.002,0.002,0.002,0.002,0.002,0.001,0.001,0.001,0.001,0.001
Statue of Freedom,0.000,0.000,0.000,0.000,0.000,0.000,0.000,0.000,0.000,0.000,0.000,0.000,0.000,0.000,0.001
Abortion-rights movement,0.004,0.004,0.005,0.002,0.002,0.003,0.001,0.001,0.002,0.001,0.001,0.001,0.001,0.001,0.001
Softbank,0.000,0.000,0.000,0.000,0.000,0.001,0.000,0.000,0.000,0.001,0.001,0.000,0.000,0.001,0.001
Secretary of Health and Human Services,0.000,0.000,0.000,0.000,0.000,0.001,0.001,0.000,0.000,0.000,0.000,0.000,0.000,0.000,0.001
Sanctuary cities,0.000,0.000,0.000,0.000,0.000,0.000,0.000,0.000,0.000,0.000,0.000,0.000,0.000,0.002,0.001
Antonin Scalia,0.000,0.000,0.000,0.002,0.000,0.002,0.001,0.002,0.001,0.002,0.001,0.001,0.002,0.007,0.001
Security Council,0.000,0.000,0.003,0.001,0.002,0.001,0.001,0.001,0.001,0.001,0.001,0.001,0.001,0.001,0.001
Equal pay for equal work,0.000,0.000,0.002,0.000,0.001,0.002,0.001,0.001,0.001,0.002,0.003,0.002,0.001,0.001,0.001
Coretta Scott King,0.004,0.003,0.110,0.005,0.003,0.002,0.001,0.001,0.001,0.003,0.001,0.004,0.001,0.001,0.001
Mexico-United States barrier,0.000,0.000,0.000,0.000,0.001,0.000,0.000,0.000,0.000,0.000,0.000,0.000,0.000,0.001,0.001
Interior Department,0.004,0.000,0.002,0.002,0.002,0.002,0.001,0.002,0.001,0.001,0.001,0.001,0.001,0.001,0.001
Bloody Sunday,0.000,0.004,0.000,0.003,0.001,0.001,0.003,0.000,0.000,0.000,0.000,0.002,0.001,0.001,0.001
Safe spaces,0.000,0.000,0.000,0.000,0.000,0.000,0.000,0.000,0.000,0.000,0.000,0.000,0.000,0.001,0.001
Alternative energy,0.000,0.004,0.010,0.003,0.004,0.004,0.003,0.002,0.002,0.001,0.001,0.001,0.001,0.001,0.001
Gender identity,0.000,0.000,0.000,0.000,0.001,0.000,0.001,0.001,0.001,0.001,0.001,0.001,0.000,0.001,0.001
West Bank,0.000,0.000,0.002,0.002,0.001,0.001,0.001,0.001,0.001,0.001,0.001,0.000,0.000,0.001,0.001
Al Qaida,0.007,0.004,0.007,0.004,0.005,0.003,0.004,0.002,0.002,0.003,0.002,0.003,0.002,0.001,0.001
Superstorm Sandy,0.000,0.000,0.000,0.000,0.000,0.000,0.000,0.000,0.000,0.011,0.003,0.002,0.001,0.001,0.001
Dillon,0.000,0.000,0.000,0.000,0.000,0.003,0.001,0.001,0.001,0.000,0.001,0.001,0.001,0.001,0.001
Corey Adams,0.000,0.000,0.000,0.000,0.000,0.000,0.000,0.000,0.000,0.000,0.000,0.000,0.000,0.000,0.001
American Recovery and Reinvestment Act,0.000,0.000,0.000,0.000,0.000,0.168,0.013,0.005,0.002,0.001,0.001,0.001,0.001,0.001,0.001
Congressional Budget Office,0.000,0.004,0.004,0.001,0.001,0.003,0.003,0.003,0.001,0.002,0.001,0.001,0.000,0.001,0.001
Sputnik,0.000,0.000,0.000,0.002,0.001,0.001,0.001,0.011,0.001,0.001,0.001,0.001,0.001,0.001,0.001
Tripoli,0.000,0.000,0.000,0.000,0.002,0.001,0.001,0.001,0.002,0.001,0.001,0.001,0.000,0.001,0.001
John Roberts,0.000,0.000,0.006,0.002,0.002,0.001,0.002,0.003,0.001,0.001,0.001,0.001,0.001,0.001,0.001
Andrews Air Force Base,0.000,0.000,0.000,0.001,0.001,0.000,0.001,0.001,0.001,0.001,0.001,0.001,0.001,0.001,0.001
Hizballah,0.005,0.000,0.000,0.002,0.001,0.001,0.001,0.002,0.001,0.000,0.000,0.001,0.001,0.000,0.001
Solitary confinement,0.000,0.000,0.000,0.000,0.000,0.000,0.000,0.000,0.000,0.001,0.000,0.000,0.000,0.001,0.001
Voter turnout,0.000,0.004,0.000,0.001,0.002,0.001,0.000,0.001,0.001,0.000,0.001,0.001,0.000,0.001,0.001
Sam Alito,0.000,0.000,0.047,0.000,0.001,0.001,0.041,0.002,0.001,0.001,0.001,0.001,0.000,0.001,0.001
Gary Allen,0.000,0.000,0.004,0.002,0.003,0.002,0.003,0.003,0.001,0.004,0.002,0.001,0.001,0.001,0.001
Asia-Pacific,0.000,0.003,0.000,0.001,0.001,0.001,0.001,0.001,0.001,0.001,0.001,0.001,0.001,0.001,0.001
Private Prisons,0.000,0.000,0.000,0.000,0.000,0.000,0.001,0.000,0.000,0.000,0.001,0.000,0.000,0.001,0.001
Albuquerque Police Department,0.000,0.000,0.000,0.000,0.000,0.000,0.000,0.000,0.000,0.000,0.000,0.000,0.000,0.000,0.001
Dikembe Mutombo,0.000,0.000,0.002,0.016,0.000,0.001,0.000,0.001,0.001,0.008,0.001,0.001,0.001,0.001,0.001
Student loans in the United States,0.000,0.000,0.000,0.001,0.002,0.002,0.002,0.001,0.002,0.001,0.001,0.001,0.001,0.001,0.001
Independence,0.000,0.000,0.000,0.000,0.001,0.000,0.000,0.001,0.000,0.001,0.001,0.001,0.001,0.001,0.001
Information Age,0.000,0.000,0.000,0.000,0.000,0.000,0.001,0.001,0.001,0.001,0.001,0.001,0.000,0.000,0.001
Qadhafi,0.000,0.000,0.002,0.000,0.001,0.001,0.001,0.001,0.006,0.002,0.001,0.001,0.001,0.001,0.001
Electronic Classroom of Tomorrow,0.000,0.000,0.000,0.000,0.000,0.000,0.000,0.001,0.000,0.001,0.001,0.001,0.001,0.001,0.001
Gabby Giffords,0.000,0.000,0.000,0.000,0.000,0.000,0.000,0.000,0.000,0.006,0.001,0.005,0.003,0.001,0.001
Bob Dole,0.000,0.003,0.003,0.002,0.005,0.000,0.001,0.001,0.001,0.001,0.000,0.001,0.000,0.000,0.001
Vaccine controversies,0.000,0.000,0.000,0.000,0.000,0.000,0.000,0.000,0.000,0.000,0.001,0.001,0.001,0.000,0.001
National Assembly,0.000,0.000,0.000,0.000,0.000,0.000,0.000,0.000,0.001,0.000,0.000,0.000,0.000,0.000,0.001
Persian Gulf,0.000,0.000,0.000,0.002,0.001,0.001,0.001,0.000,0.001,0.001,0.001,0.001,0.003,0.001,0.001
Forsyth Tech,0.000,0.000,0.004,0.001,0.002,0.001,0.001,0.002,0.001,0.001,0.001,0.001,0.001,0.001,0.001
Political corruption,0.000,0.000,0.000,0.000,0.001,0.001,0.001,0.002,0.001,0.001,0.001,0.000,0.001,0.001,0.001
Violence Against Women's Act,0.000,0.000,0.000,0.000,0.000,0.001,0.001,0.001,0.000,0.024,0.001,0.000,0.000,0.001,0.001
Orrin Hatch,0.000,0.003,0.000,0.000,0.000,0.003,0.001,0.001,0.000,0.001,0.000,0.001,0.001,0.000,0.001
Right to work,0.000,0.000,0.000,0.000,0.000,0.001,0.000,0.001,0.004,0.001,0.001,0.001,0.001,0.001,0.001
Dakota Access,0.000,0.000,0.000,0.000,0.000,0.000,0.000,0.000,0.000,0.000,0.000,0.000,0.000,0.007,0.001
Sandra Day O'Connor,0.000,0.000,0.002,0.000,0.000,0.000,0.001,0.000,0.000,0.000,0.000,0.000,0.000,0.001,0.000
Susan Oliver,0.000,0.000,0.000,0.000,0.000,0.000,0.000,0.000,0.000,0.000,0.000,0.000,0.000,0.001,0.000
Raqqa,0.000,0.000,0.000,0.000,0.000,0.000,0.000,0.000,0.000,0.000,0.000,0.000,0.000,0.000,0.000
Scott Kelly,0.000,0.000,0.000,0.000,0.000,0.001,0.000,0.001,0.000,0.000,0.000,0.014,0.000,0.000,0.000
Defense of Marriage Act,0.006,0.000,0.002,0.000,0.001,0.000,0.000,0.001,0.001,0.002,0.001,0.001,0.001,0.000,0.000
G-20,0.000,0.000,0.000,0.000,0.000,0.002,0.001,0.001,0.001,0.001,0.001,0.001,0.001,0.001,0.000
Voting age,0.000,0.000,0.000,0.000,0.001,0.000,0.001,0.001,0.001,0.000,0.000,0.000,0.000,0.001,0.000
Offshore drilling,0.000,0.000,0.000,0.000,0.000,0.001,0.002,0.001,0.001,0.000,0.001,0.000,0.000,0.000,0.000
Director of National Intelligence,0.000,0.000,0.000,0.000,0.001,0.001,0.001,0.000,0.000,0.001,0.001,0.000,0.001,0.001,0.000
Electoral fraud,0.000,0.000,0.000,0.000,0.001,0.000,0.000,0.000,0.001,0.001,0.001,0.001,0.000,0.000,0.000
Foreign Service,0.009,0.003,0.002,0.002,0.001,0.001,0.001,0.001,0.001,0.001,0.001,0.000,0.001,0.001,0.000
Virgin Islands,0.000,0.000,0.000,0.001,0.000,0.001,0.000,0.001,0.001,0.000,0.000,0.000,0.000,0.000,0.000
Basic income,0.000,0.000,0.000,0.000,0.000,0.000,0.000,0.000,0.000,0.000,0.000,0.000,0.000,0.000,0.000
Economic stimulus,0.000,0.000,0.000,0.000,0.018,0.000,0.005,0.002,0.001,0.000,0.000,0.000,0.000,0.001,0.000
Islamist,0.000,0.000,0.000,0.000,0.000,0.000,0.001,0.000,0.000,0.000,0.000,0.002,0.001,0.001,0.000
John Walsh,0.000,0.000,0.000,0.000,0.000,0.000,0.000,0.000,0.000,0.000,0.000,0.001,0.000,0.000,0.000
Mombasa,0.000,0.000,0.002,0.000,0.000,0.001,0.000,0.001,0.000,0.000,0.000,0.001,0.000,0.000,0.000
Silver Star,0.000,0.000,0.000,0.002,0.000,0.001,0.000,0.000,0.000,0.000,0.000,0.001,0.000,0.000,0.000
United Nations General Assembly,0.000,0.000,0.000,0.000,0.000,0.000,0.001,0.001,0.000,0.000,0.000,0.000,0.001,0.000,0.000
2003 Invasion of Iraq,0.000,0.000,0.000,0.001,0.001,0.001,0.000,0.001,0.001,0.001,0.000,0.001,0.000,0.000,0.000
Drug policy,0.000,0.000,0.002,0.000,0.000,0.000,0.001,0.001,0.001,0.000,0.000,0.000,0.000,0.000,0.000
Term limits in the United States,0.000,0.000,0.000,0.000,0.000,0.000,0.000,0.000,0.001,0.000,0.000,0.000,0.000,0.000,0.000
Fallujah,0.000,0.000,0.000,0.003,0.001,0.000,0.000,0.000,0.001,0.001,0.001,0.001,0.000,0.000,0.000
PRISM,0.000,0.000,0.000,0.000,0.000,0.000,0.000,0.000,0.000,0.000,0.000,0.000,0.000,0.000,0.000
Steve Beshear,0.000,0.000,0.000,0.000,0.000,0.000,0.000,0.000,0.000,0.000,0.001,0.000,0.000,0.000,0.000
Omaha Beach,0.000,0.000,0.000,0.000,0.000,0.000,0.001,0.000,0.000,0.000,0.000,0.000,0.000,0.000,0.000
Matt Bevin,0.000,0.000,0.000,0.000,0.000,0.000,0.000,0.000,0.000,0.000,0.000,0.000,0.000,0.001,0.000
Prescription costs,0.000,0.000,0.000,0.000,0.000,0.000,0.000,0.000,0.000,0.001,0.000,0.000,0.000,0.000,0.000
Korean Peninsula,0.000,0.000,0.000,0.000,0.000,0.000,0.000,0.000,0.000,0.000,0.000,0.000,0.000,0.000,0.000
Daniel Patrick Moynihan,0.000,0.000,0.000,0.000,0.000,0.000,0.000,0.000,0.000,0.000,0.000,0.000,0.000,0.000,0.000
Joint Comprehensive Plan of Action (Iran Deal),0.000,0.000,0.000,0.000,0.000,0.000,0.000,0.000,0.000,0.000,0.000,0.000,0.001,0.000,0.000
William ``Ryan'' Owens,0.000,0.000,0.000,0.000,0.000,0.000,0.000,0.000,0.000,0.000,0.000,0.000,0.000,0.000,0.000
Labor Unions in the United States,0.000,0.000,0.000,0.000,0.000,0.000,0.000,0.000,0.000,0.000,0.000,0.000,0.000,0.000,0.000
Drug testing welfare recipients,0.000,0.000,0.000,0.000,0.000,0.000,0.000,0.006,0.001,0.000,0.001,0.000,0.000,0.000,0.000
National Center for Missing and Exploited Children,0.000,0.000,0.004,0.002,0.001,0.000,0.001,0.000,0.000,0.000,0.000,0.000,0.000,0.000,0.000
Greensburg,0.000,0.000,0.000,0.000,0.001,0.001,0.001,0.000,0.000,0.000,0.000,0.000,0.000,0.000,0.000
National Academy of Sciences,0.000,0.003,0.000,0.000,0.000,0.001,0.001,0.001,0.001,0.000,0.000,0.000,0.000,0.001,0.000
Higher Education Act of 1965,0.000,0.000,0.000,0.000,0.000,0.001,0.001,0.000,0.000,0.000,0.000,0.000,0.000,0.000,0.000
Rangoon,0.000,0.000,0.000,0.000,0.000,0.000,0.000,0.001,0.000,0.001,0.000,0.000,0.001,0.000,0.000
Ramallah,0.000,0.000,0.000,0.000,0.000,0.000,0.001,0.000,0.000,0.001,0.000,0.001,0.000,0.000,0.000
Flag desecration,0.004,0.003,0.000,0.000,0.000,0.001,0.000,0.001,0.000,0.000,0.000,0.000,0.000,0.000,0.000
Oak Ridge National Laboratory,0.000,0.000,0.000,0.000,0.001,0.001,0.001,0.001,0.000,0.001,0.000,0.001,0.000,0.000,0.000
Gulf States,0.000,0.000,0.000,0.000,0.000,0.000,0.000,0.000,0.000,0.000,0.000,0.000,0.000,0.000,0.000
Rare Disease Day,0.000,0.000,0.000,0.000,0.000,0.000,0.000,0.000,0.000,0.000,0.000,0.000,0.000,0.004,0.000
Dakota Access pipeline,0.000,0.000,0.000,0.000,0.000,0.000,0.000,0.000,0.000,0.000,0.000,0.000,0.000,0.002,0.000
No fly list,0.000,0.000,0.000,0.000,0.000,0.000,0.001,0.000,0.000,0.000,0.000,0.000,0.000,0.000,0.000
Kayla Cuevas,0.000,0.000,0.000,0.000,0.000,0.000,0.000,0.000,0.000,0.000,0.000,0.000,0.000,0.000,0.000
Jill Biden,0.000,0.000,0.000,0.000,0.000,0.001,0.002,0.001,0.002,0.007,0.007,0.004,0.003,0.000,0.000
Tom Coburn,0.000,0.000,0.000,0.000,0.000,0.001,0.001,0.001,0.000,0.001,0.002,0.000,0.000,0.000,0.000
Bob Gates,0.000,0.000,0.000,0.000,0.000,0.001,0.001,0.001,0.001,0.000,0.001,0.000,0.000,0.000,0.000
Tom Harkin,0.000,0.000,0.000,0.000,0.000,0.001,0.000,0.000,0.001,0.000,0.001,0.000,0.000,0.000,0.000
Hadiya Pendleton,0.000,0.000,0.000,0.000,0.000,0.000,0.000,0.000,0.000,0.006,0.001,0.000,0.000,0.000,0.000
Petraeus,0.000,0.000,0.000,0.005,0.001,0.001,0.001,0.001,0.001,0.001,0.001,0.001,0.000,0.000,0.000
Agricultural subsidies,0.000,0.000,0.000,0.000,0.000,0.000,0.001,0.001,0.000,0.000,0.001,0.001,0.000,0.000,0.000
Race to the Top,0.000,0.000,0.000,0.000,0.000,0.000,0.002,0.011,0.001,0.001,0.001,0.000,0.000,0.000,0.000
Offshore bank,0.000,0.000,0.000,0.000,0.000,0.000,0.001,0.001,0.001,0.000,0.001,0.000,0.000,0.000,0.000
LGBT rights,0.000,0.000,0.000,0.000,0.001,0.000,0.001,0.000,0.000,0.000,0.000,0.000,0.000,0.001,0.000
Israel boycott,0.000,0.000,0.000,0.000,0.000,0.000,0.000,0.000,0.000,0.000,0.000,0.000,0.000,0.000,0.000
Women in combat,0.000,0.000,0.000,0.000,0.000,0.000,0.000,0.000,0.000,0.001,0.000,0.000,0.000,0.000,0.000
Prison overcrowding,0.000,0.000,0.000,0.000,0.001,0.000,0.000,0.000,0.000,0.000,0.000,0.000,0.000,0.000,0.000
Khalid Sheik Mohammed,0.000,0.000,0.000,0.000,0.000,0.000,0.001,0.000,0.000,0.000,0.000,0.000,0.000,0.000,0.000
Aung San Suu Kyi,0.000,0.003,0.000,0.000,0.001,0.000,0.000,0.000,0.000,0.000,0.000,0.000,0.000,0.000,0.000
Joe Lieberman,0.014,0.004,0.002,0.001,0.002,0.003,0.002,0.001,0.002,0.001,0.000,0.000,0.000,0.000,0.000
Richard Cordray,0.000,0.000,0.000,0.000,0.000,0.000,0.000,0.000,0.003,0.000,0.000,0.000,0.000,0.000,0.000
Paycheck Fairness Act,0.000,0.000,0.000,0.000,0.000,0.000,0.000,0.000,0.000,0.007,0.000,0.000,0.000,0.000,0.000
Simpson-Bowles Commission,0.000,0.000,0.000,0.000,0.000,0.000,0.000,0.001,0.002,0.001,0.000,0.000,0.000,0.000,0.000
American Jobs Act,0.000,0.000,0.000,0.000,0.000,0.000,0.001,0.000,0.000,0.000,0.000,0.000,0.000,0.000,0.000
LGBT adoption rights,0.000,0.000,0.000,0.000,0.001,0.001,0.000,0.000,0.000,0.000,0.000,0.000,0.000,0.000,0.000
John Thompson,0.000,0.003,0.002,0.001,0.000,0.000,0.001,0.000,0.000,0.000,0.000,0.000,0.000,0.001,0.000
Zarqawi,0.000,0.003,0.000,0.000,0.000,0.000,0.000,0.000,0.000,0.000,0.000,0.000,0.000,0.000,0.000
Donna Shalala,0.000,0.000,0.000,0.000,0.001,0.000,0.000,0.000,0.000,0.000,0.000,0.000,0.000,0.000,0.000
Millennium Challenge Account,0.000,0.000,0.000,0.000,0.000,0.001,0.000,0.000,0.000,0.000,0.000,0.000,0.000,0.000,0.000
Tim Johnson,0.000,0.000,0.000,0.002,0.000,0.000,0.000,0.000,0.000,0.000,0.000,0.000,0.000,0.000,0.000
National Endowment for Democracy,0.005,0.000,0.000,0.000,0.000,0.000,0.000,0.000,0.000,0.000,0.000,0.000,0.000,0.000,0.000
Vocational Schools,0.000,0.000,0.000,0.000,0.000,0.001,0.001,0.000,0.000,0.000,0.000,0.000,0.000,0.000,0.000
Jamiel Shaw,0.000,0.000,0.000,0.000,0.000,0.000,0.000,0.000,0.000,0.000,0.000,0.000,0.000,0.003,0.000
Victims of Immigration Crime Engagement,0.000,0.000,0.000,0.000,0.000,0.000,0.000,0.000,0.000,0.000,0.000,0.000,0.000,0.002,0.000
Carryn Owens,0.000,0.000,0.000,0.000,0.000,0.000,0.000,0.000,0.000,0.000,0.000,0.000,0.000,0.001,0.000
Russian military action in Syria,0.000,0.000,0.000,0.000,0.000,0.000,0.000,0.000,0.000,0.000,0.000,0.000,0.000,0.000,0.000
Campus sexual assault,0.000,0.000,0.000,0.000,0.000,0.000,0.000,0.000,0.000,0.000,0.000,0.001,0.000,0.000,0.000
Clean Power Plan,0.000,0.000,0.000,0.000,0.000,0.000,0.000,0.000,0.000,0.000,0.000,0.000,0.000,0.000,0.000
Abbas,0.000,0.000,0.000,0.001,0.000,0.000,0.000,0.000,0.000,0.000,0.000,0.000,0.000,0.000,0.000
Strategic Petroleum Reserve,0.000,0.000,0.000,0.002,0.000,0.000,0.000,0.000,0.000,0.000,0.000,0.000,0.000,0.000,0.000
Iraqi Army,0.000,0.000,0.000,0.000,0.000,0.000,0.000,0.000,0.000,0.000,0.000,0.000,0.000,0.000,0.000
Bruce Randolph,0.000,0.000,0.000,0.000,0.000,0.000,0.000,0.003,0.000,0.000,0.000,0.000,0.000,0.000,0.000
START Treaty,0.000,0.000,0.000,0.000,0.000,0.000,0.000,0.001,0.000,0.000,0.000,0.000,0.000,0.000,0.000
Ryan White Act,0.000,0.007,0.002,0.000,0.000,0.000,0.000,0.000,0.000,0.000,0.000,0.000,0.000,0.000,0.000
Judd Gregg,0.000,0.000,0.000,0.000,0.000,0.001,0.001,0.000,0.000,0.000,0.000,0.000,0.000,0.000,0.000
Leonard Abess,0.000,0.000,0.000,0.000,0.000,0.012,0.000,0.000,0.000,0.000,0.000,0.000,0.000,0.000,0.000
HOPE NOW Alliance,0.000,0.000,0.000,0.000,0.002,0.000,0.000,0.000,0.000,0.000,0.000,0.000,0.000,0.000,0.000
Wesley Autrey,0.000,0.000,0.000,0.014,0.000,0.000,0.000,0.000,0.000,0.000,0.000,0.000,0.000,0.000,0.000
Charlie Norwood,0.000,0.000,0.000,0.007,0.000,0.000,0.000,0.000,0.000,0.000,0.000,0.000,0.000,0.000,0.000
Julie Aigner-Clark,0.000,0.000,0.000,0.005,0.000,0.000,0.000,0.000,0.000,0.000,0.000,0.000,0.000,0.000,0.000
American Competitiveness Initiative,0.000,0.000,0.002,0.000,0.000,0.000,0.000,0.000,0.000,0.000,0.000,0.000,0.000,0.000,0.000
Adnan Pachachi,0.004,0.000,0.000,0.000,0.000,0.000,0.000,0.000,0.000,0.000,0.000,0.000,0.000,0.000,0.000
Safia Taleb al-Suhail,0.000,0.004,0.000,0.000,0.000,0.000,0.000,0.000,0.000,0.000,0.000,0.000,0.000,0.000,0.000
Detroit Manufacturing Systems,0.000,0.000,0.000,0.000,0.000,0.000,0.000,0.000,0.000,0.000,0.000,0.000,0.000,0.000,0.000
Sandy Keplinger,0.000,0.000,0.000,0.000,0.000,0.000,0.000,0.000,0.000,0.000,0.000,0.000,0.000,0.000,0.000
Steve Staub,0.000,0.000,0.000,0.000,0.000,0.000,0.000,0.000,0.000,0.000,0.000,0.000,0.000,0.000,0.000
Nick Chute,0.000,0.000,0.000,0.000,0.000,0.000,0.000,0.000,0.000,0.000,0.000,0.000,0.000,0.000,0.000
Hurricane Harvey,0.000,0.000,0.000,0.000,0.000,0.000,0.000,0.000,0.000,0.000,0.000,0.000,0.000,0.000,0.000
Byron Norwood,0.000,0.000,0.000,0.000,0.000,0.000,0.000,0.000,0.000,0.000,0.000,0.000,0.000,0.000,0.000
Nisa Mickens,0.000,0.000,0.000,0.000,0.000,0.000,0.000,0.000,0.000,0.000,0.000,0.000,0.000,0.000,0.000
Ben Erler,0.000,0.000,0.000,0.000,0.000,0.000,0.000,0.000,0.000,0.000,0.000,0.000,0.000,0.000,0.000
Denisha Merriweather,0.000,0.000,0.000,0.000,0.000,0.000,0.000,0.000,0.000,0.000,0.000,0.000,0.000,0.000,0.000
Tommy Rieman,0.000,0.000,0.000,0.000,0.000,0.000,0.000,0.000,0.000,0.000,0.000,0.000,0.000,0.000,0.000
Ryan Holets,0.000,0.000,0.000,0.000,0.000,0.000,0.000,0.000,0.000,0.000,0.000,0.000,0.000,0.000,0.000
Cajun Navy,0.000,0.000,0.000,0.000,0.000,0.000,0.000,0.000,0.000,0.000,0.000,0.000,0.000,0.000,0.000
Jackie Bray,0.000,0.000,0.000,0.000,0.000,0.000,0.000,0.000,0.000,0.000,0.000,0.000,0.000,0.000,0.000
Freddy Cuevas,0.000,0.000,0.000,0.000,0.000,0.000,0.000,0.000,0.000,0.000,0.000,0.000,0.000,0.000,0.000
Iraqis,0.000,0.000,0.000,0.000,0.000,0.000,0.000,0.000,0.000,0.000,0.000,0.000,0.000,0.000,0.000
Janet Norwood,0.000,0.000,0.000,0.000,0.000,0.000,0.000,0.000,0.000,0.000,0.000,0.000,0.000,0.000,0.000
Afghan Army,0.000,0.000,0.000,0.000,0.000,0.000,0.000,0.000,0.000,0.000,0.000,0.000,0.000,0.000,0.000
Iraqi Governing Council,0.000,0.000,0.000,0.000,0.000,0.000,0.000,0.000,0.000,0.000,0.000,0.000,0.000,0.000,0.000
John Breaux,0.000,0.000,0.000,0.000,0.000,0.000,0.000,0.000,0.000,0.000,0.000,0.000,0.000,0.000,0.000
Hambali,0.000,0.000,0.000,0.000,0.000,0.000,0.000,0.000,0.000,0.000,0.000,0.000,0.000,0.000,0.000
Kent Conrad,0.000,0.000,0.000,0.000,0.000,0.000,0.000,0.000,0.000,0.000,0.000,0.000,0.000,0.000,0.000
Provincial Reconstruction Teams,0.000,0.000,0.000,0.000,0.000,0.000,0.000,0.000,0.000,0.000,0.000,0.000,0.000,0.000,0.000
George Miller,0.000,0.000,0.000,0.000,0.000,0.000,0.000,0.000,0.000,0.000,0.000,0.000,0.000,0.000,0.000
Pierre Gemayel,0.000,0.000,0.000,0.000,0.000,0.000,0.000,0.000,0.000,0.000,0.000,0.000,0.000,0.000,0.000
Gouverneur Morris,0.000,0.000,0.000,0.000,0.000,0.000,0.000,0.000,0.000,0.000,0.000,0.000,0.000,0.000,0.000
"Thomas D'Alesandro, Jr.",0.000,0.000,0.000,0.000,0.000,0.000,0.000,0.000,0.000,0.000,0.000,0.000,0.000,0.000,0.000
Allawi,0.000,0.000,0.000,0.000,0.000,0.000,0.000,0.000,0.000,0.000,0.000,0.000,0.000,0.000,0.000
Anbar Province,0.000,0.000,0.000,0.000,0.000,0.000,0.000,0.000,0.000,0.000,0.000,0.000,0.000,0.000,0.000
Tim Penny,0.000,0.000,0.000,0.000,0.000,0.000,0.000,0.000,0.000,0.000,0.000,0.000,0.000,0.000,0.000
Syrian Accountability Act,0.000,0.000,0.000,0.000,0.000,0.000,0.000,0.000,0.000,0.000,0.000,0.000,0.000,0.000,0.000
Iraqi Government,0.000,0.000,0.000,0.000,0.000,0.000,0.000,0.000,0.000,0.000,0.000,0.000,0.000,0.000,0.000
Beslan,0.000,0.000,0.000,0.000,0.000,0.000,0.000,0.000,0.000,0.000,0.000,0.000,0.000,0.000,0.000
Cedar Revolution,0.000,0.000,0.000,0.000,0.000,0.000,0.000,0.000,0.000,0.000,0.000,0.000,0.000,0.000,0.000
Proliferation Security Initiative,0.000,0.000,0.000,0.000,0.000,0.000,0.000,0.000,0.000,0.000,0.000,0.000,0.000,0.000,0.000
Alexandria Police,0.000,0.000,0.000,0.000,0.000,0.000,0.000,0.000,0.000,0.000,0.000,0.000,0.000,0.000,0.000
Sana'a,0.000,0.000,0.000,0.000,0.000,0.000,0.000,0.000,0.000,0.000,0.000,0.000,0.000,0.000,0.000
Golden Mosque of Samarra,0.000,0.000,0.000,0.000,0.000,0.000,0.000,0.000,0.000,0.000,0.000,0.000,0.000,0.000,0.000
Ba'athist,0.000,0.000,0.000,0.000,0.000,0.000,0.000,0.000,0.000,0.000,0.000,0.000,0.000,0.000,0.000
Mazda,0.000,0.000,0.000,0.000,0.000,0.000,0.000,0.000,0.000,0.000,0.000,0.000,0.000,0.000,0.000
Maureen Scalia,0.000,0.000,0.000,0.000,0.000,0.000,0.000,0.000,0.000,0.000,0.000,0.000,0.000,0.000,0.000
National Export Initiative,0.000,0.000,0.000,0.000,0.000,0.000,0.000,0.000,0.000,0.000,0.000,0.000,0.000,0.000,0.000
Nuclear Security Summit,0.000,0.000,0.000,0.000,0.000,0.000,0.000,0.000,0.000,0.000,0.000,0.000,0.000,0.000,0.000
Sara Jo,0.000,0.000,0.000,0.000,0.000,0.000,0.000,0.000,0.000,0.000,0.000,0.000,0.000,0.000,0.000
Darfur,0.000,0.000,0.000,0.000,0.000,0.000,0.000,0.000,0.000,0.000,0.000,0.000,0.000,0.000,0.000
Tax Cuts of 2017,0.000,0.000,0.000,0.000,0.000,0.000,0.000,0.000,0.000,0.000,0.000,0.000,0.000,0.000,0.000
U.S. national anthem protests,0.000,0.000,0.000,0.000,0.000,0.000,0.000,0.000,0.000,0.000,0.000,0.000,0.000,0.000,0.000
North Korea and weapons of mass destruction,0.000,0.000,0.000,0.000,0.000,0.000,0.000,0.000,0.000,0.000,0.000,0.000,0.000,0.000,0.000
Single-payer healthcare,0.000,0.000,0.000,0.000,0.000,0.000,0.000,0.000,0.000,0.000,0.000,0.000,0.000,0.000,0.000
Gender workplace diversity,0.000,0.000,0.000,0.000,0.000,0.000,0.000,0.000,0.000,0.000,0.000,0.000,0.000,0.000,0.000
Transgender people in the military,0.000,0.000,0.000,0.000,0.000,0.000,0.000,0.000,0.000,0.000,0.000,0.000,0.000,0.000,0.000
Maternity leave in the United States,0.000,0.000,0.000,0.000,0.000,0.000,0.000,0.000,0.000,0.000,0.000,0.000,0.000,0.000,0.000
Legal history of cannabis in the United States,0.000,0.000,0.000,0.000,0.000,0.000,0.000,0.000,0.000,0.000,0.000,0.000,0.000,0.000,0.000
Russian interference in the 2016 United States elections,0.000,0.000,0.000,0.000,0.000,0.000,0.000,0.000,0.000,0.000,0.000,0.000,0.000,0.000,0.000
Abortion,0.000,0.000,0.053,0.000,0.000,0.000,0.033,0.000,0.000,0.033,0.032,0.029,0.025,0.000,0.000
Egypt,0.000,0.051,0.044,0.000,0.000,0.037,0.000,0.000,0.000,0.024,0.028,0.033,0.028,0.000,0.000
South Korea,0.029,0.023,0.018,0.018,0.017,0.021,0.021,0.024,0.019,0.023,0.030,0.020,0.021,0.000,0.000
Minimum wage,0.010,0.011,0.011,0.000,0.019,0.021,0.019,0.016,0.019,0.120,0.112,0.040,0.031,0.000,0.000
Thailand,0.000,0.000,0.035,0.000,0.000,0.025,0.027,0.024,0.024,0.026,0.029,0.028,0.026,0.000,0.000
Gitmo,0.004,0.005,0.003,0.003,0.003,0.010,0.003,0.002,0.002,0.002,0.006,0.020,0.008,0.001,0.000
Peru,0.000,0.033,0.031,0.000,0.036,0.000,0.000,0.028,0.027,0.026,0.025,0.028,0.024,0.000,0.000
Abraham Lincoln,0.000,0.000,0.000,0.026,0.027,0.000,0.026,0.025,0.031,0.000,0.022,0.025,0.024,0.000,0.000
Democracy,0.030,0.026,0.027,0.018,0.021,0.019,0.018,0.015,0.016,0.016,0.018,0.018,0.022,0.000,0.000
Arabic,0.020,0.016,0.027,0.022,0.029,0.000,0.000,0.031,0.027,0.023,0.023,0.026,0.023,0.000,0.000
Islam,0.000,0.000,0.043,0.026,0.026,0.000,0.030,0.024,0.024,0.021,0.022,0.040,0.028,0.026,0.000
Mexico,0.000,0.000,0.000,0.000,0.000,0.000,0.000,0.000,0.000,0.000,0.000,0.188,0.000,0.000,0.000
war,0.405,0.355,0.298,0.260,0.217,0.242,0.213,0.184,0.184,0.186,0.166,0.203,0.173,0.204,0.000
Education,0.429,0.388,0.000,0.000,0.297,0.340,0.321,0.260,0.234,0.205,0.207,0.215,0.185,0.193,0.000
India,0.000,0.000,0.213,0.000,0.195,0.000,0.180,0.160,0.000,0.000,0.000,0.000,0.000,0.000,0.000
drugs,0.144,0.138,0.121,0.115,0.000,0.000,0.000,0.000,0.000,0.000,0.000,0.000,0.141,0.132,0.000
Canada,0.000,0.000,0.000,0.000,0.000,0.000,0.000,0.000,0.000,0.000,0.000,0.000,0.000,0.000,0.000
Mortgage Loan,0.000,0.000,0.216,0.000,0.329,0.268,0.166,0.147,0.163,0.130,0.000,0.140,0.000,0.000,0.000
Japan,0.000,0.000,0.000,0.000,0.000,0.134,0.119,0.000,0.000,0.000,0.000,0.000,0.000,0.000,0.000
Crime,0.108,0.113,0.102,0.000,0.000,0.000,0.096,0.000,0.000,0.000,0.000,0.091,0.000,0.117,0.000
Africa,0.000,0.000,0.000,0.110,0.000,0.000,0.000,0.000,0.000,0.000,0.075,0.000,0.000,0.000,0.000
Social Security,0.089,0.122,0.080,0.082,0.081,0.069,0.058,0.070,0.073,0.067,0.076,0.077,0.070,0.000,0.000
Italy,0.000,0.000,0.000,0.000,0.000,0.084,0.000,0.000,0.000,0.000,0.000,0.000,0.000,0.000,0.000
NASA,0.000,0.000,0.000,0.000,0.000,0.000,0.034,0.043,0.029,0.024,0.022,0.038,0.031,0.000,0.000
Europe,0.000,0.000,0.137,0.000,0.000,0.000,0.000,0.084,0.077,0.000,0.077,0.000,0.000,0.000,0.000
France,0.000,0.000,0.000,0.000,0.000,0.000,0.000,0.000,0.000,0.000,0.000,0.000,0.000,0.000,0.000
Germany,0.000,0.000,0.000,0.000,0.000,0.088,0.095,0.000,0.073,0.000,0.000,0.000,0.000,0.000,0.000
Spain,0.000,0.103,0.000,0.000,0.000,0.000,0.000,0.000,0.000,0.000,0.000,0.000,0.000,0.000,0.000
Asia,0.000,0.000,0.000,0.000,0.000,0.000,0.064,0.071,0.068,0.069,0.071,0.083,0.064,0.000,0.000
Health Insurance,0.072,0.061,0.053,0.060,0.053,0.053,0.049,0.044,0.040,0.000,0.047,0.053,0.000,0.044,0.000
DACA,0.000,0.000,0.000,0.000,0.000,0.000,0.000,0.000,0.000,0.002,0.002,0.004,0.003,0.009,0.000
Medicare,0.039,0.000,0.059,0.040,0.045,0.044,0.049,0.048,0.046,0.042,0.046,0.050,0.049,0.000,0.000
Medicaid,0.018,0.029,0.034,0.029,0.029,0.000,0.034,0.036,0.036,0.000,0.042,0.049,0.000,0.044,0.000
Philippines,0.000,0.000,0.000,0.043,0.000,0.054,0.000,0.043,0.000,0.000,0.000,0.000,0.000,0.000,0.000
Income tax,0.052,0.073,0.000,0.045,0.000,0.000,0.050,0.000,0.000,0.000,0.042,0.035,0.000,0.000,0.000
Mental health,0.000,0.033,0.034,0.000,0.000,0.000,0.029,0.030,0.029,0.030,0.031,0.032,0.031,0.000,0.000
Marines,0.000,0.000,0.000,0.061,0.000,0.061,0.000,0.058,0.000,0.000,0.000,0.000,0.000,0.000,0.000
Brazil,0.000,0.000,0.000,0.000,0.000,0.000,0.000,0.000,0.000,0.000,0.000,0.058,0.000,0.000,0.000
Colombia,0.000,0.039,0.035,0.000,0.037,0.000,0.107,0.000,0.027,0.031,0.000,0.036,0.038,0.000,0.000
FBI,0.030,0.031,0.024,0.021,0.026,0.025,0.022,0.022,0.020,0.021,0.019,0.017,0.020,0.018,0.000
Veterans,0.000,0.022,0.030,0.027,0.027,0.028,0.028,0.000,0.031,0.028,0.032,0.037,0.035,0.000,0.000
Social security,0.024,0.083,0.022,0.021,0.024,0.023,0.023,0.033,0.029,0.026,0.029,0.038,0.033,0.000,0.000
Property taxes,0.000,0.031,0.032,0.000,0.000,0.000,0.000,0.029,0.030,0.028,0.031,0.028,0.023,0.000,0.000
